<!DOCTYPE html PUBLIC "-//W3C//DTD XHTML 1.0 Transitional//EN" "http://www.w3.org/TR/xhtml1/DTD/xhtml1-transitional.dtd">
<html xmlns="http://www.w3.org/1999/xhtml">
    <head>
        <meta content="text/html; charset=us-ascii" http-equiv="content-type"/>
        <title>EC-Microsoft-Teams</title>
        <link rel="stylesheet" href="../../plugins/EC-Microsoft-Teams/pluginhelp.css" type="text/css" media="screen" />
    </head>
    <body>
        <div class="help">
            <h1>EC-Microsoft-Teams</h1>
			<h3>Overview</h3>
			<p></p>
		</div>
	</body>
</html>
